16905896,L.L. Frost,"Pacific Northwest author L.L. Frost writes urban fantasy and paranormal romance with snarky characters and descriptive world-building. Whether she's writing a fast burn romance about witches, wolf shifters, and vampires, or teasing a slow burn romance while hunting demonic monsters, her passion is for character driven novels. Growing up in a rainforest gave L.L. Frost plenty of time to daydream while spending cozy days under a blanket with her cats by her side. Sipping tea or chugging coffee, you can find her with a book or laptop in hand, imagining new worlds. For all the latest releases and updates, follow on social media: FacebookFacebook Reader's GroupFacebook PagePatreonInstagramPinterestBookbub",https://images.gr-assets.com/authors/1658439126p5/16905896.jpg,https://www.facebook.com/photo.php?fbid=1116989145311086&id=353272585016083&set=a.362758337400841,https://www.instagram.com/lorrielovescats/,https://www.youtube.com/@LLFROST23/videos,https://www.llfrost.com/,1
40563,Patricia Briggs,"Librarian Note: There is more than one author in the Goodreads database with this name.Patricia Briggs was born in Butte, Montana, to a children’s librarian who passed on to her kids a love of reading and books. Patricia grew up reading fairy tales and books about horses, and later developed an interest in folklore and history. When she decided to write a book of her own, a fantasy book seemed a natural choice. Patricia graduated from Montana State University with degrees in history and German and she worked for a while as a substitute teacher. Currently, she lives in Montana with her husband, children, and six horses and writes full time, much to the delight of her fans.",https://images.gr-assets.com/authors/1464488194p5/40563.jpg,https://www.facebook.com/OfficialPatriciaBriggs/,https://www.instagram.com/mercys.garage/?hl=en,https://www.youtube.com/playlist?list=PLzKif11L57ecne8irKMToBsfLNqMxWSrL,https://www.patriciabriggs.com/,1
14206776,Lucy Auburn,Lucy Auburn is an urban fantasy/paranormal romance writer who lives in the Southwest. She loves writing interesting stories about strong women. Some of the writers who inspire her include Patricia Briggs and Sarah J. Maas.,https://images.gr-assets.com/authors/1442003172p5/14206776.jpg,https://www.facebook.com/lucyauburnbooks/,https://www.instagram.com/auburn2029class/p/DDUfuUDxiDU/,https://www.youtube.com/channel/UCVjiX-QVC5CTB0vHit7Ykfg,https://lucysauburn.com/,1
16160473,Sarah J. Stone,"Sarah J. Stone brings you the best of paranormal romance. Get ready for thrilling, hot, adventures with happily ever after endings and no cliffhangers.Join Sarah's VIP Reader Group here: https://www.facebook.com/groups/sarah...",https://images.gr-assets.com/authors/1564010252p5/16160473.jpg,https://www.facebook.com/collectbysarahjane/,https://www.instagram.com/sarah.j.stone_author/?hl=en,https://www.youtube.com/@SarahStoneLove,https://www.sarajanestone.com/,1
15960758,Ripley Proserpina,"Ripley Proserpina spends her days huddled near a fire in the frozen northern wilds of Vermont. She lives with her family, two magnificent cats, and one dog who aspires to cat-hood.",https://images.gr-assets.com/authors/1502457556p5/15960758.jpg,https://www.facebook.com/author.ripleyproserpina/,https://www.instagram.com/ripleyproserpina/?hl=en,https://www.youtube.com/@prroserpina,https://www.ripleyproserpina.com/,1
13843055,Emma Hamm,We all know you don't really care about reading my background. Enjoy Cap instead.,https://images.gr-assets.com/authors/1504097587p5/13843055.jpg,,https://www.instagram.com/emmahammauthor/?hl=en,https://www.youtube.com/channel/UCTWueSvY--roIHluYwBcqkw/videos,https://emmahamm.com/,1
3519233,Kristie Cook,"Kristie Cook is a lifelong writer in various genres, from marketing communications to fantasy fiction. Besides writing, she enjoys reading, cooking, traveling and being magical. She has lived in ten states, but currently calls Southwest Florida home with her puggle. She can be found at www.KristieCook.com.",https://images.gr-assets.com/authors/1275448500p5/3519233.jpg,https://www.facebook.com/kristie.cook.35/,https://www.instagram.com/kristiecookauth/,https://www.youtube.com/channel/UCFGt_87bzlJXHxzvsU8leOQ/videos,http://kristiecook.com/,1
6868809,S.T. Bende,"Before finding domestic bliss in suburbia, S.T. Bende lived in Manhattan Beach (where she became overly fond of Peet’s Coffee) and studied Shakespeare in Europe… where she became overly fond of McVitie's cookies. Her Scandinavian heritage and a very patient Norwegian teacher inspired her YA Norse fantasy series' (Viking Academy, Ære Saga, Elsker Saga, and Alfheim Academy). And her deep love of a galaxy far, far away led to her writing children's books for the Star Wars franchise. As an experienced IP writer, she's written multiple books published by Disney-Lucasfilm Press and its licensees, and looks to expand into additional beloved IP projects. When she's not creating stories, S.T. dreams of skiing on Jotunheim and Hoth.Find S.T. on her w",https://images.gr-assets.com/authors/1594271136p5/6868809.jpg,https://www.facebook.com/stbendeauthor/,https://www.instagram.com/s.t.bende/?hl=en,https://www.youtube.com/watch?v=W3X1jIsoE48,https://www.stbende.com/,1
14950093,E.A. Copen,,https://images.gr-assets.com/authors/1517028596p5/14950093.jpg,https://www.facebook.com/rrvirdi/posts/1444782412396828/,https://www.instagram.com/eacopenhagen/,,https://lmbpn.com/e-a-copen-discuss-the-lazarus-codex-series/,1
74417,Dan Balz,,https://upload.wikimedia.org/wikipedia/commons/thumb/6/65/No-Image-Placeholder.svg/1665px-No-Image-Placeholder.svg.png,https://www.facebook.com/danbalzwapo/,https://www.instagram.com/wpdan/?hl=en,,https://www.washingtonpost.com/people/dan-balz/,1
46118,David Nicholls,"David Nicholls is a British author, screenwriter, and actor. A student of Toynbee Comprehensive school and Barton Peveril Sixth Form College, he Graduated from the University of Bristol having studied English Literature and Drama.After graduation, he won a scholarship to study at the American Musical and Dramatic Academy in New York, before returning to London in 1991 and finally earning an Equity card. He worked sporadically as an actor for the next eight years, eventually earning a three year stint at the Royal National Theatre, followed by a job at BBC Radio Drama as a script reader/researcher. This led to script-editing jobs at London Weekend Television and Tiger Aspect Productions.During this period, he began to write, developing an ad",https://images.gr-assets.com/authors/1283277096p5/46118.jpg,https://www.facebook.com/DavidNichollsArt/,https://www.instagram.com/davidnichollswriter/?hl=en,https://www.youtube.com/channel/UCHErd3nV22Esr5WoFNUSmaA,https://www.curtisbrown.co.uk/client/david-nicholls,1
117837,Deborah Turner Harris,"Deborah Turner Harris (born 1951 in Pennsylvania), is an American fantasy author, best known for her collaborations with Katherine Kurtz. She lives in Scotland and is married to Scottish author Robert J. Harris.",https://upload.wikimedia.org/wikipedia/commons/thumb/6/65/No-Image-Placeholder.svg/1665px-No-Image-Placeholder.svg.png,https://www.facebook.com/deborah.harris.5688/,https://www.instagram.com/remesa97/p/C0MHdbRxI2_/,https://www.youtube.com/watch?v=cS9iRZ_58dg,http://www.harris-authors.com/,1
19607931,Megan Nolan,"Megan Nolan was born in 1990 in Waterford, Ireland and is currently based in London. Her essays and reviews have been published by the New York Times, White Review, Guardian and Frieze amongst others. Her debut novel, Acts of Desperation, was published by Jonathan Cape in 2021 and was the recipient of a Betty Trask Award, shortlisted for the Sunday Times Young Writer of the Year Award and longlisted for the Dylan Thomas Prize.Her second novel, Ordinary Human Failings, will be published by Jonathan Cape in July 2023.",https://images.gr-assets.com/authors/1680281586p5/19607931.jpg,https://www.facebook.com/public/Megan-Nolan/,https://www.instagram.com/mmegannolan/?hl=en,https://www.youtube.com/channel/UC57xg7pEwPF5Zx_OpY0lI9Q,http://megannolan.org/,1
7123176,Rachel M. Raithby,"Rachel M. Raithby started her writing career in 2013 and hasn’t looked back. She draws her inspiration from the many places she has lived and traveled, as well as from her love of the paranormal and thriller movies. She can often be found hiding out with a good book or writing more fast-paced and thrilling stories where love always conquers all. A Brit who has lived in many places, she now resides in a small town in New Zealand, with her dog, three cats and four children.",https://images.gr-assets.com/authors/1370495590p5/7123176.jpg,https://www.facebook.com/RachelMRaithby/photos/a.2193103360790596/2808302669270659/?type=3,https://www.instagram.com/rachelmraithby/reels/,https://www.youtube.com/channel/UCDybFQWoc9NC87xgTD61Zxg,https://www.goodreads.com/author/show/7123176.Rachel_M_Raithby,1
14703924,Julie Trettel,"Julie Trettel is a USA Today Bestselling Author of Paranormal Romance. She comes from a long line of story tellers. Writing has always been a stress reliever and escape for her to manage the crazy demands of juggling time and schedules between work and an active family of six. In her “free time,” she enjoys traveling, reading, outdoor activities, and spending time with family and friends.",https://images.gr-assets.com/authors/1448669159p5/14703924.jpg,https://www.facebook.com/julie.trettel/,https://www.instagram.com/authorjulietrettel/,,https://www.julietrettel.com/,1
60609,V (formerly Eve Ensler),"V is an internationally bestselling author and an award-winning playwright whose works include The Vagina Monologues, The Good Body, Insecure at Last, and I Am an Emotional Creature, since adapted for the stage as Emotional Creature. She is the founder of V-Day, the global movement to end violence against women and girls, which has raised more than $90 million for local groups and activists, and inspired the global action One Billion Rising. V lives in Paris and New York City.",https://images.gr-assets.com/authors/1365789365p5/60609.jpg,https://www.facebook.com/JohannHari.Page/posts/i-am-so-excited-by-what-v-formerly-eve-ensler-has-said-about-my-new-book-magic-p/944489633700803/,https://www.instagram.com/eveensler/?hl=en,,https://www.instagram.com/eveensler/?hl=en,1
2796762,Katie May,"Katie May is a romance writer of numerous genres! She writes everything from horror to fantasy to contemporary. #whychooseShe has a gorgeous tabby cat who she adores, and she’s obsessed with coffee and horror movies.",https://upload.wikimedia.org/wikipedia/commons/thumb/6/65/No-Image-Placeholder.svg/1665px-No-Image-Placeholder.svg.png,https://www.facebook.com/katiemayauthor/,https://www.instagram.com/ms_katiemay/?hl=en,https://www.youtube.com/c/KatieMay7/videos,https://www.katiemay.com/?srsltid=AfmBOoqNkxldk4jJvTN0KGjbe5qEp05QxfEwcMLuhOM4a0rJO8BT8ouq,1
994873,Sloane Crosley,"Sloane Crosley is the author of the novels Cult Classic and The Clasp, as well as three books of essays collections, most recently Look Alive Out There and the New York Times bestsellers I Was Told There'd Be Cake and How Did You Get This Number. A two-time finalist for the Thurber Prize for American Humor, her work has been selected for numerous anthologies. Her next book, Grief Is for People, will be out in early 2024. A contributing editor at Vanity Fair, she lives in New York City.",https://images.gr-assets.com/authors/1644040658p5/994873.jpg,https://www.facebook.com/sloanecrosley/,https://www.instagram.com/sloane_crosley/?hl=en,,https://www.sloanecrosley.com/,1
2105996,Mark Reps,"Mark Reps has been a writer and storyteller his whole life. Born in small town southeastern Minnesota, he trained as a mathematician and chiropractor but never lost his love of telling or writing a good story. As an avid desert wilderness hiker Mark spends a great deal of time roaming the desert and other terrains of southeastern Arizona from December to May. A chance meeting with an old time colorful sheriff led him to develop the Zeb Hanks character and the world that surrounds him. Mark returns often to SE Arizona for inspiration, information and to maintain the general feel of the area, learn its history and understand the local residents.When Mark started writing he became pen pals with Tony Hillerman who offered up tips, criticism and",https://images.gr-assets.com/authors/1466780748p5/2105996.jpg,https://www.facebook.com/mark.reps/,https://www.instagram.com/repmarkgreen/reels/,https://www.youtube.com/channel/UC45wu9hlHj2JWrJO9wE23Dg,https://www.markreps.com/,1
16270030,Izzy Shows,,https://images.gr-assets.com/authors/1483788364p5/16270030.jpg,https://www.facebook.com/IzzyShowsOfficial/,https://www.instagram.com/theizzy.show/,https://www.youtube.com/@TheIzzyShow_,https://izzyshows.com/,1
246696,Patricia Thayer,"Originally born and raised in Muncie, Indiana, Patricia Thayer was the second of eight children. She attended Ball State University, and soon afterward she headed West. Over the years, she’s made frequent visits back to the Midwest, trying to keep up with her family’s numerous weddings and births. Patricia has called Orange County, California home for many years. She not only enjoys the warm climate, but also the company and support of other published authors in the local writer’s organization. For the past eighteen years, she had the unwavering support and encouragement of her critique group. It’s a sisterhood like no other. When not working on a story, you might find her traveling the United States and Europe, taking in the scenery and do",https://images.gr-assets.com/authors/1275413511p5/246696.jpg,https://www.facebook.com/AuthorPatriciaThayer/,https://www.instagram.com/patricia_thayer4711/,https://www.youtube.com/channel/UC5-s1_YBnA3uc6YFUs5jnXA,https://patriciathayer.com/books/other-titles/,1
17364990,Mila Young,"Mila Young tackles everything with the zeal and bravado of the fairytale heroes she grew up reading about. She slays monsters, real and imaginary, like there's no tomorrow. By day she rocks a keyboard as a marketing extraordinaire. At night she battles with her mighty pen-sword, creating fairytale retellings, and sexy ever after tales.",https://images.gr-assets.com/authors/1730297431p5/17364990.jpg,https://www.facebook.com/milayoungauthor/,https://www.instagram.com/mila_young_wicked/?hl=en,https://www.youtube.com/channel/UCWuXdJel2baS337gjDMqsmQ,https://www.goodreads.com/author/show/17364990.Mila_Young,1
17503523,Trent Dalton,"Trent Dalton writes for the award-winning The Weekend Australian Magazine. A former assistant editor of The Courier-Mail, he has won a Walkley, been a four-time winner of the national News Awards Feature Journalist of the Year Award, and was named Queensland Journalist of the Year at the 2011 Clarion Awards for excellence in Queensland media. His writing includes several short and feature-length film screenplays. His latest feature film screenplay, Home, is a love story inspired by his non-fiction collection Detours: Stories from the Street (2011), the culmination of three months immersed in Brisbane's homeless community, the proceeds of which went back to the 20 people featured within its pages. His journalism has twice been nominated for",https://images.gr-assets.com/authors/1541749971p5/17503523.jpg,https://www.facebook.com/trent.dalton.3/,https://www.instagram.com/trentdaltonauthor/?hl=en,https://www.youtube.com/channel/UCLeWCpW8h2xJyvWO2rJJkQA,https://www.instagram.com/trentdaltonauthor/?hl=en,1
3087199,A.G. Riddle,"A.G. Riddle spent ten years starting internet companies before retiring to pursue his true passion: writing fiction.His debut novel, The Atlantis Gene, is the first book in The Origin Mystery, the trilogy that has sold a million copies in the US, is being translated into 19 languages, and is in development at CBS Films to be a major motion picture. The trilogy will be in bookstores (in hardcover and paperback) around the world in 2015.His recently released fourth novel, Departure, follows the survivors of a flight that takes off in 2014 and crash-lands in a changed world. The hardcover will be published by HarperCollins in the fall of 2015, and 20th Century Fox is developing the novel for a feature film. Riddle grew up in a small town in th",https://images.gr-assets.com/authors/1400769349p5/3087199.jpg,https://www.facebook.com/photo.php?fbid=1074532067360055&id=100044098150771&set=a.253297746150162,https://www.instagram.com/riddlist/?hl=en,https://www.youtube.com/@a.g.riddle9352/featured,https://www.agriddle.com/,1
5276341,Kaitlyn Davis,"Bestselling author Kaitlyn Davis writes young adult fantasy novels under the name Kaitlyn Davis and contemporary romance novels under the name Kay Marie. Publishers Weekly has said, ""Davis writes with confidence and poise,"" while USA Today has recommended her work as ""must-read romance."" To learn more about her contemporary romance novels, visit her Goodreads author page for Kay Marie here: https://www.goodreads.com/Kay_MarieAlways blessed with an overactive imagination, Kaitlyn has been writing ever since she picked up her first crayon and is overjoyed to share her work with the world. When she's not daydreaming, typing stories, or getting lost in fictional worlds, Kaitlyn can be found playing fetch with her puppy, watching a little too mu",https://images.gr-assets.com/authors/1530903805p5/5276341.jpg,https://www.facebook.com/public/Kaitlyn-Davis/,,https://www.youtube.com/@Blitzandbeauty/featured,https://www.instagram.com/kait.davis/?hl=en,1
6150577,Jessie Lane,"Author of Paranormal and Contemporary Romance, as well as, Upper YA Paranormal Romance/Fantasy. An often shy, sometimes snarky chick addicted to books, caffeine & hot fictional men. She lives in Kentucky with her two crazy teenage daughters and her over protective alpha husband that she‚Äôs pretty sure is a latent grizzly bear shifter. She has a passionate love for reading and writing naughty romance, cliff hanging suspense, and out-of-this-world characters that demand your attention, or threaten to slap you around until you do pay attention to them.You can follow Jessie at: Facebook, Twitter, Pinterest, & her Amazon Author Page",https://images.gr-assets.com/authors/1540468046p5/6150577.jpg,https://www.facebook.com/public/Jessie-Lane,https://www.instagram.com/_jessiegrace_/,https://www.youtube.com/@Jesse_Lane,https://jessielanebooks.com/,1
2910499,Elizabeth Bard,"Elizabeth Bard is an American journalist based in Paris. She has written about art, travel and digital culture for The New York Times, The International Herald Tribune, Wired, Time Out and The Huffington Post. She makes a mean chocolate soufflé.",https://images.gr-assets.com/authors/1287434675p5/2910499.jpg,https://www.facebook.com/ElizabethBardWriter/,https://www.instagram.com/elizabethbardfrance/,https://www.youtube.com/@ElizabethBard,https://www.elizabethbard.com/,1
5669074,Angel Lawson,,https://images.gr-assets.com/authors/1350271476p5/5669074.jpg,https://www.facebook.com/Alawsonwrites/,https://www.instagram.com/lawsonwrites/p/C_rWizaAtmP/,https://www.youtube.com/channel/UCdIGZXjAjAqpYINr7cfsfCg,https://www.forsythu.com/,1
7205755,Serena Akeroyd,"USA Today and International Best Selling Author Serena Akeroyd aka G. A. Mazurke is most known for her mafia and MC series set in the Five Points Mob Universe.  Avid reader of all things romance, she first started her career as a why choose author in both contemporary and paranormal. She eventually made her way to MF romance where she found her groove with the O’Donnelly brothers, the Satan Sinners and most recently the Valentini Family.   In her back list you can find some MM, MF, MFM and Why Choose romances.  HEA guaranteed!When not writing Serena is either reading, traveling or coloring.    Follow me on Amazon :Serena Akeroyd Follow me on Facebook : Serena Akeroyd AuthorFollow me on Instagram : @serena_akeroyd Follow me on BookbubSerena",https://images.gr-assets.com/authors/1685644406p5/7205755.jpg,https://www.facebook.com/serena.akeroyd.3/,https://www.instagram.com/serena_akeroyd/?hl=en,https://www.youtube.com/channel/UCpOEm_-kG6rKHLRJeWFRf0g,https://www.serenaakeroyd.com/,1
18858017,Lily  Archer,"When I began writing Taylor and Leander's story, I had NO idea it would capture so many of your hearts and imaginations. Thank you for loving them as much as I do. You are making my dreams come true.Lily Archer believes in fairies, mermaids, and fierce fae warriors. Armed with nothing more than her imagination and a well-worn MacBook, she intends to slay the darkest beasts of the fantasy worlds and create true love where none seemed possible.Visit me at www.lilyarcherauthor.com",https://images.gr-assets.com/authors/1549539525p5/18858017.jpg,https://www.facebook.com/LilyArcherAuthor/,https://www.instagram.com/lilyarcher_/,https://www.youtube.com/channel/UCmdlsgX1MUT82xXIN82g6yA,https://www.lilyarcherauthor.com/,1
8646,Diana Pharaoh Francis,"I was raised on a cattle ranch in Northern California (outside a town called Lincoln which is now part of an enormous sprawl). I taught myself to ride a horse at the age of six, as no one had the time to teach me—they were all busy learning how to irrigate, how to cajole an angry bull into another field, how to pull a calf… Afraid of heights, and absolutely sure I was going to die, I managed to scramble up on the back of a very patient and lazy strawberry roan destrier, and plod off into the sunset.Thereafter, I spent much of my early life on horseback, or so far buried into a book that the rest of the world ceased to exist (much to the annoyance of my family—it took several attempts to get my attention). We all had very specific jobs on th",https://images.gr-assets.com/authors/1628924165p5/8646.jpg,https://www.facebook.com/diana.p.francis/,https://www.instagram.com/di_pharaoh_francis/?hl=en,,https://www.dianapfrancis.com/blog/page/39/,1
7737308,Sarina Bowen,"Sarina Bowen is the 24-time USA Today bestselling and Wall Street Journal bestselling author of contemporary fiction, including: The Five Year Lie, the True North series, and the Brooklyn Hockey series. She's the co-author of Him/Us and the WAGs series with Elle Kennedy. And more!You can find a complete 
reading order list
 of Sarina's books on her website. Or see 
what's coming next
 from Sarina, and sign up for her newsletter so you don't miss a new book or a deal.",https://images.gr-assets.com/authors/1601950386p5/7737308.jpg,https://www.facebook.com/authorsarinabowen/,https://www.instagram.com/sarina.bowen/?hl=en,https://www.youtube.com/live/i92iRjtOc3Q,https://x.com/sarinabowen?lang=en,1
6433324,C. Gockel,"C. Gockel got her start writing fanfiction, and she is not ashamed! Much. She received emails, messages and reviews from her fans telling her she should 'do this professionally'. She didn't; because she is a coward and life as a digital designer, copywriter and coder is more dependable. But in the end, her husband's nagging wore her down: ""You could be the next '50 Shades of Gray' and I could retire!"" Unfortunately, the author isn't much for writing smut. She is sad about this; she'd love for her husband to be able to retire and just work for her so she could nag him.At the moment, Ms. Gockel is working on the next installment of her Archangel Project series.Ms. Gockel loves to hear from readers. She can be reached by email at: cgockel.publ",https://images.gr-assets.com/authors/1376311659p5/6433324.jpg,https://www.facebook.com/CGockelWrites/posts/1062724762525172/,https://www.instagram.com/c.gockel/,https://www.youtube.com/c/YourBookofMemories/featured,https://www.cgockelwrites.com/,1
8694,Tanith Lee,"Tanith Lee was a British writer of science fiction, horror, and fantasy. She was the author of 77 novels, 14 collections, and almost 300 short stories. She also wrote four radio plays broadcast by the BBC and two scripts for the UK, science fiction, cult television series ""Blake's 7.""Before becoming a full time writer, Lee worked as a file clerk, an assistant librarian, a shop assistant, and a waitress. Her first short story, ""Eustace,"" was published in 1968, and her first novel (for children) The Dragon Hoard was published in 1971. Her career took off in 1975 with the acceptance by Daw Books USA of her adult fantasy epic The Birthgrave for publication as a mass-market paperback, and Lee has since maintained a prolific output in popular gen",https://images.gr-assets.com/authors/1433005489p5/8694.jpg,https://www.facebook.com/groups/tanithleestoryteller/posts/1014497920072193/,https://www.instagram.com/essentialdreamspress/,https://www.youtube.com/channel/UCBNnWx3gpkPTA9_cOtnKmNw,https://www.sjsu.edu/faculty/harris/StudentProjects/Student_FairyTales/WebProject/Bios/Tanith%20Lee.htm,1
5831459,L.J.  Hachmeister,"Amazon bestselling author L.J. Hachmeister writes and fights -- although she tries not to do them at the same time. L. J. is a world champion stick-fighter, a black belt in Doce Pares Eskrima and Taekwondo, and is a brown belt in Brazilian jiu jitsu, but maintains that no opponent is as daunting as the last 30% of a manuscript.L. J. is a cross-genre author under the umbrella of science fiction/fantasy. Her Cuban roots and LGBTQA+ ties greatly impact her writing, as well as her career as a registered nurse. However, her love for rescuing puppies and working with other animal charity organizations drives her passion to succeed as an author so she can continue to give to animals in need. L. J. is an avid sponsor for ""Lifeline Puppy Rescue.""Con",https://images.gr-assets.com/authors/1365563171p5/5831459.jpg,https://www.facebook.com/LJHachmeisterAuthor/?locale=eo_EO,https://www.instagram.com/lj_hachmeister/,https://www.youtube.com/c/LynnNgugi,https://www.journal.seisense.com/sbr/article/view/1049,1
19080346,Bailey Dark,"Bailey Dark is obsessed with all things dark, hot, and supernatural.From Fae to Aliens, her heroes are thoroughly alpha and pure raw masculinity. When she's not writing (which is hardly ever) she's busy watching every movie in the marvel universe, or binging supernatural on her couch.So come along, and enter her dark world. . . .Website: https://www.baileydarkromance.com/CONTACT: BAILEYDARKROMANCE@GMAIL.COM",https://images.gr-assets.com/authors/1594750324p5/19080346.jpg,https://www.facebook.com/baileysarian1/,https://www.instagram.com/baileyblackphoto/?hl=en,https://www.youtube.com/playlist?list=PLCprSpAj-wvAeHWGzQ-JgTyljg6GyC9D1,https://baileysarian.com/?srsltid=AfmBOoqFFoCfYyRb87xdvnA8pugt3s1PMrRlEz_BsNgL5oRlzE8ZRaLT,1
11248716,Marie  Johnston,"Marie Johnston is an award-winning, best-selling paranormal and contemporary romance writer. She grew up in the upper Midwest and planned to go to college for English. Didn't happen. She started college in accounting and was awful! Grabbing her inner science geek by the pocket protector, she changed to microbiology and medical technology where her only writing involved scientific articles and procedures. Eventually, she left full-time work for full-time baby raising but kept thinking, ""one day, I'd like to write a book."" Finally, before any more time passed, Marie decided to buckle down and write. She loves it!",https://images.gr-assets.com/authors/1421206402p5/11248716.jpg,https://www.facebook.com/public/Marie-Johnston/,https://www.instagram.com/mariejohnstonwriter/?hl=en,https://www.youtube.com/channel/UC2MHgnyGxvSanJi9c62coIQ,https://mariejohnstonwriter.com/,1
5280531,S.M. Boyce,"Boyce is known for action-packed epic fantasy, powerful heroes, and riveting magical stories filled with twists and intrigue. And, of course, a bit of humor sprinkled through it all. Pick up your kindle and get lost in the journey.",https://images.gr-assets.com/authors/1579721214p5/5280531.jpg,https://www.facebook.com/smboycey/,,https://www.youtube.com/channel/UCd4ITQboEIiTBBoVjr2LU6w/videos,https://smboyce.com/category/s-m-boyces-novels/,1
17374103,Alisa Adams,"Alisa starting her career as a teacher, after a life-changing trip in the Scottish Highlands, she decided to devote to her writing career. Get your FREE book.-> http://www.alisaadams.com/jofn <-",https://upload.wikimedia.org/wikipedia/commons/thumb/6/65/No-Image-Placeholder.svg/1665px-No-Image-Placeholder.svg.png,https://www.facebook.com/authorAlisaAdams/,https://www.instagram.com/its_liisa/,https://www.youtube.com/channel/UCKNhsBmakRe-ystDlYUZogw,https://www.facebook.com/authorAlisaAdams/,1
8018052,Lisa Manifold,,https://images.gr-assets.com/authors/1488081069p5/8018052.jpg,,https://www.instagram.com/manifoldlm/?hl=en,https://www.youtube.com/channel/UCymoFwpsB0sFk9BkR30i7AA/about,https://www.lisamanifold.com/welcome-2/privacy-policies/,1
7238638,Ana Calin,"Ana Calin believes every good romance needs a dash of danger, a spark of magic, and a hero who‚Äôs more than just a little bit dark. Author of Prince of Midnight, Lord of Winter, King of Flames, and other spine-tingling tales, Ana invites readers to escape into worlds where brooding lords, fiery passions, and supernatural secrets await at every turn. When she‚Äôs not summoning her characters to life, she‚Äôs digging through old legends, or people-watching for inspiration, all while sipping her coffee a little too dramatically. If you‚Äôre ready for love stories that smolder and heroes that haunt your dreams, welcome to Ana‚Äôs world‚Äîwhere midnight is just the beginning.Newsletter: https://mailchi.mp/345a2de6aee6/anaca...Join her Facebook group -> htt",https://images.gr-assets.com/authors/1731592298p5/7238638.jpg,https://www.facebook.com/AuthorAnaCalin/,https://www.instagram.com/mrsanacalin/,https://www.youtube.com/channel/UCxi6wth9hmRhwRsKUl0k_jQ/about,https://ana-calin.com/,1
86137,Dave Wolverton,"Dave Wolverton (born 1957) is a science fiction author who also goes under the pseudonym David Farland for his fantasy works. He currently lives in St. George, Utah with his wife and five children.(Wikipedia entry: Dave Wolverton)",https://images.gr-assets.com/authors/1207167742p5/86137.jpg,https://www.facebook.com/public/David-Wolverton,https://www.instagram.com/davewolverton/,https://www.youtube.com/channel/UCmzdIaTsyXAXA9QPDbV4Udg/videos,,1
17997898,Victoria Selman,"After graduating from Oxford University, Victoria Selman studied Creative Writing at the City Lit and wrote for the Ham & High and Daily Express newspapers.In 2013 she won the Full Stop Short Story Prize and her first novel, Blood for Blood, was shortlisted for the 2017 Debut Dagger Award.Victoria lives in London with her husband and two sons.",https://images.gr-assets.com/authors/1545932711p5/17997898.jpg,https://www.facebook.com/victoriaselmanphotographer/,https://www.instagram.com/victoriaselmanauthor/?hl=en,https://www.youtube.com/watch?v=PRekS4x5CNM,http://www.victoriaselmanauthor.com/,1
4373628,Thea Atkinson,"Thea is a NEW YORK TIMES and USA TODAY Bestselling Author. She used to have a black lab at her feet when she wrote, warming up the calves. It can be cold in rural Nova Scotia. Now it's just a cuppa tea keeping her warm.Her urban fantasy pulses with dark themes and action-packed intrigue. Her characters are always deeply wounded creatures struggling for redemption. Hang out with her on Instagram or Facebook or follow her on Amazon. Grab a free book at her website.Website: http://theaatkinson.comAmazon: https://www.amazon.com/~/e/B0046DIT0UTikTok:https://www.tiktok.com/@theaatkinsonInstagram:<<<>>>a special shout out to Brenda Levy Tate for the awesome author photo wherein I don't look too dog-lady crazy.",https://images.gr-assets.com/authors/1599391255p5/4373628.jpg,https://www.facebook.com/3707284172658125,https://www.instagram.com/theaatkinsonauthor/?hl=en,https://www.youtube.com/channel/UCQL6yybGbcn0WzrHC0V5VHg,https://theaatkinson.com/,1
4558309,Lizzy Ford,"I breathe stories. I dream them. If it were possible, I'd eat them, too. (I'm pretty sure they'd taste like cotton candy.) I can't escape them - they're everywhere! Which is why I write! I was born to bring the crazy worlds and people in my mind to life, and I love sharing them with as many people as I can. I'm also the bestselling, award winning, internationally acclaimed author of over sixty titles and counting. I write speculative fiction in multiple subgenres of romance and fantasy, contemporary fiction, books for both teens and adults, and just about anything else I feel like writing. If I can imagine it, I can write it!I live in the desert of southern Arizona with a pack of spoiled dogs and Tubbs, the Godfather cat who rules them all.",https://images.gr-assets.com/authors/1517776258p5/4558309.jpg,https://www.facebook.com/public/LIzzy-Ford,https://www.instagram.com/lizmeplease/,https://www.youtube.com/channel/UCSCB3ClkBOlyts9rGxbjEBg/videos,https://www.goodreads.com/author/show/4558309.Lizzy_Ford,1
7791394,Ophelia Bell,"Ophelia Bell is the author of the super steamy Sleeping Dragons series. Ophelia loves hot alpha heroes, especially if they’re dragons, but believes the world needs more alpha heroines, so has made it her mission to make that happen. Ophelia grew up on a rural farm in North Carolina and now lives in Los Angeles with her sexy tattooed alpha husband and five-and-a-half attention-whoring cats (one of them is exceptionally large and might actually be a dragon in disguise).",https://images.gr-assets.com/authors/1636146750p5/7791394.jpg,https://www.facebook.com/public/Ophelia-Bell/,https://www.instagram.com/authoropheliabell/p/DAZm2iJOvos/,https://www.youtube.com/channel/UCDJiCHCFQygSCDaG2uVCYZQ,https://opheliabell.com/,1
5044944,Laura Jackson,No Description available,https://upload.wikimedia.org/wikipedia/commons/thumb/6/65/No-Image-Placeholder.svg/1665px-No-Image-Placeholder.svg.png,https://www.facebook.com/public/Laura-Jackson/,https://www.instagram.com/iamlaurajackson/?hl=en,https://www.youtube.com/channel/UCPvesyPCcItTIEBM-d0lXSA,https://www.instagram.com/iamlaurajackson/?hl=en,1
93504,Lisa Jewell,"LISA JEWELL was born in London in 1968.Her first novel, Ralph's Party, was the best- selling debut novel of 1999. Since then she has written another twenty novels, most recently a number of dark psychological thrillers, including The Girls, Then She Was Gone, The Family Upstairs and The Night She Disappeared.Lisa is a New York Times and Sunday Times number one bestselling author who has been published worldwide in over twenty-five languages. She lives in north London with her husband, two teenage daughters and the best dog in the world.Lisa's Facebook page:http://www.facebook.com/LisaJewelloff...",https://images.gr-assets.com/authors/1657723367p5/93504.jpg,https://www.facebook.com/LisaJewellofficial/,https://www.instagram.com/lisajewelluk/?hl=en,https://www.youtube.com/hashtag/lisajewell,https://www.simonandschuster.com/authors/Lisa-Jewell/75656043,1
4907397,Jayme Morse,Young Adult Paranormal Romance Author,https://images.gr-assets.com/authors/1635798707p5/4907397.jpg,https://www.facebook.com/jayme.morse/,https://www.instagram.com/jaymemorse/,,https://jaymemorse.com/,1
6356,Barack Obama,"Barack Obama was the 44th president of the United States, elected in November 2008 and holding office for two terms. He is the author of two previous New York Times bestselling books, Dreams from My Father and The Audacity of Hope, and the recipient of the 2009 Nobel Peace Prize. He lives in Washington, D.C., with his wife, Michelle. They have two daughters, Malia and Sasha.",https://images.gr-assets.com/authors/1602177326p5/6356.jpg,https://www.facebook.com/barackobama/,https://www.instagram.com/barackobama/?hl=en,https://www.youtube.com/barackobama,https://www.barackobama.com/,1
134408,Peter Heller,"There is more than one author in the Goodreads database with this name.Peter Heller holds an MFA from the Iowa Writers’ Workshop in both fiction and poetry. An award-winning adventure writer and longtime contributor to NPR, Heller is a contributing editor at Outside magazine, Men’s Journal, and National Geographic Adventure, and a regular contributor to Bloomberg Businessweek. He is also the author of several nonfiction books, including Kook, The Whale Warriors, and Hell or High Water: Surviving Tibet’s Tsangpo River. He lives in Denver, Colorado.",https://images.gr-assets.com/authors/1342033522p5/134408.jpg,https://www.facebook.com/PeterHellerAuthor/,https://www.instagram.com/peter_heller_/,https://www.youtube.com/channel/UCOfmGY6u8wBFVZYpFH-TWgw,https://www.peterhellerauthor.com/,1
5293,Robert Ludlum,"Robert Ludlum was the author of twenty-seven novels, each one a New York Times bestseller. There are more than 210 million of his books in print, and they have been translated into thirty-two languages. He is the author of The Scarlatti Inheritance, The Chancellor Manuscript, and the Jason Bourne series--The Bourne Identity, The Bourne Supremacy, and The Bourne Ultimatum--among others. Mr. Ludlum passed away in March, 2001. Ludlum also published books under the pseudonyms Jonathan Ryder and Michael Shepherd.Some of Ludlum's novels have been made into films and mini-series, including The Osterman Weekend, The Holcroft Covenant, The Apocalypse Watch, The Bourne Identity, The Bourne Supremacy and The Bourne Ultimatum. A non-Ludlum book suppose",https://images.gr-assets.com/authors/1597472804p5/5293.jpg,https://www.facebook.com/photo.php?fbid=1128329115531905&set=a.796822475349239&type=3,https://www.instagram.com/robert_ludlum/?hl=en,https://www.youtube.com/channel/UCkT_-wFqNiEslobnaVtbBlQ,https://robertludlum.com/,1
349716,Tom Harper,"Tom Harper was born in West Germany in 1977 and grew up in Germany, Belgium and America; he now lives in England. He is chair of the Crime Writers' Association and also a member of the Historical Novels Society and the Society of Authors.Tom Harper also writes historical adventures as Edwin Thomas.Librarian Note: There is more than one author in the GoodReads database with this name. See this thread for more information.",https://images.gr-assets.com/authors/1346436667p5/349716.jpg,https://www.facebook.com/public/Tom-Harper/,https://www.instagram.com/tomharpernz/?hl=en,https://www.youtube.com/channel/UC4g-cxi6BOp24sQx1lQIfig,https://www.tom-harper.co.uk/,1
364132,Tony Augarde,,https://upload.wikimedia.org/wikipedia/commons/thumb/6/65/No-Image-Placeholder.svg/1665px-No-Image-Placeholder.svg.png,https://www.facebook.com/groups/1004099239658188/posts/8682052775196091/,https://www.instagram.com/planetstormy/,https://www.youtube.com/channel/UChZ1UPhR3D5wIsjLNe6hWJw,https://www.theguardian.com/books/2017/mar/31/tony-augarde-obituary,1
5330530,Megan Slayer,"Megan Slayer, aka Wendi Zwaduk, is a multi-published, award-winning author of more than one-hundred short stories and novels. She’s been writing since 2008 and published since 2009. Her stories range from the contemporary and paranormal to LGBTQ and white hot themes. No matter what the length, her works are always hot, but with a lot of heart. She enjoys giving her characters a second chance at love, no matter what the form. She’s been nominated at the LRC for Best Author, Best Contemporary, Best Ménage, Best BDSM and Best Anthology. Her books have made it to the bestseller lists on Amazon.com. When she’s not writing, Megan spends time with her husband and son as well as three dogs and three cats. She enjoys art, music and racing, but footb",https://images.gr-assets.com/authors/1569364437p5/5330530.jpg,https://www.facebook.com/932708287224022,https://www.instagram.com/ctrstaffer/p/C_t8PzFsYc0/,https://www.youtube.com/watch?v=TPS35P353zY,https://wendizwaduk.com/indexMegan.htm,1
15963027,Penelope Sky,"A New York Times and USA Today Bestselling Author, Penelope Sky is known for her dark romance that makes you fall for her characters….no matter how dark they seem. Her books are being translated into several languages around the world, and she’s sold more than a million books worldwide. She lives in a small town in California with her husband, where she spends most of her time writing on the back porch.",https://images.gr-assets.com/authors/1553043307p5/15963027.jpg,https://www.facebook.com/PenelopeSkyAuthor/,https://www.instagram.com/penelopesky27/?hl=en,https://www.youtube.com/channel/UCrTb2bI7FTn5VWG_14WffFQ,https://penelopesky.com/,1
17954568,Nazri Noor,"Hi, I'm Nazri, a Filipino-Malaysian author based in California. I’m trilingual, but I really only write in English. I can also speak just enough Sindarin and Valyrian to impress absolutely no one. My urban fantasy novels focus on realistic heroes who use wits, style, and their wildly unpredictable magic to (try) and save the day. Think sass and class, while kicking ass.My influences come from horror and fantasy: HP Lovecraft, Anne Rice, George R.R. Martin, Chuck Palahniuk, Terry Pratchett, and Neil Gaiman. Growing up I was shaped by the Blood Sword, Fighting Fantasy, Lone Wolf, and Grey Star game book universes. I'm also inspired by video games, specifically the Castlevania, Final Fantasy, and Persona series.TL;DR: I'm a huge nerd. And yes,",https://images.gr-assets.com/authors/1525152608p5/17954568.jpg,https://www.facebook.com/TheGreatestNazriNoor/,https://www.instagram.com/nazrinoor/reels/,https://www.youtube.com/channel/UCKrTyvU4YJR6mKRKzR3EDyg,https://www.nazrinoor.com/,1
5049521,Amanda  Carlson,"Amanda Carlson is the author of the upcoming Jessica McClain series. The first book, Full Blooded, will be released by Hachette Book Group, ORBIT US & UK SEPT 2012. She’s been writing for over ten years. Full Blooded is her first novel. She lives in Minneapolis, with her husband and three kids.",https://images.gr-assets.com/authors/1313508189p5/5049521.jpg,https://www.facebook.com/public/Amanda-Carlson/,https://www.instagram.com/amanda.carlson09/?hl=en,https://www.youtube.com/channel/UCjy-PDxuRqzeGYx_srKyCqA,https://www.amandacarlson.com/,1
9838956,L.J. Vickery,,https://images.gr-assets.com/authors/1443369965p5/9838956.jpg,https://www.facebook.com/ljvickeryauthor/posts/for-those-of-you-waiting-for-the-paperback-version-its-now-available/1155109452710856/,https://www.instagram.com/ljvickeryauthor/?hl=en,https://www.youtube.com/channel/UCEy10htZh8Ohor9W80oYGTw/about,https://www.goodreads.com/author/show/9838956.L_J_Vickery,1
2717,Kevin McCarthy,"Kevin McCarthy is the author of Peeler (Mercier, 2010), an historical crime novel set during the War of Independence in Ireland. His short fiction has appeared in many journals both in print and on the web and his story, Twenty-five and Out, appears in Down These Green Streets: Irish Crime Writing in the 21st Century (Liberties, 2011). He was born in Suffolk, UK, where his father was stationed with the US Air Force. He served in the Air Force himself before studying at Boston College and University College Dublin. In 2005 he was awarded the Fingal County Council Arts Bursary for Fiction Writing.",https://images.gr-assets.com/authors/1390310547p5/2717.jpg,https://www.facebook.com/kevinomccarthy/,https://www.instagram.com/speakermccarthy/?hl=en,https://www.youtube.com/channel/UCdJUZUFSLJRlUpE-91-6DsA,https://mccarthyforcongress.com/,1
6975382,Michele G. Miller,"Michele loves words. Funny words, inspiring words, dirty words, sad words. All the words. Use them wisely and kindly. Spin stories with them, mend fences with them, heal with them. Words are powerful. Words are forever.AMAZON: http://bit.ly/MGM-AmzUSFACEBOOK: http://on.fb.me/XPUMc1PINTEREST: http://pinterest.com/michelegmillerau...IG: https://www.instagram.com/authormiche...FB READER GROUP: https://www.facebook.com/groups/chele...Sign up for my newsletter here: http://bit.ly/MGMNewsAlso one half of the duo: Mindy Michelehttps://www.goodreads.com/user/show/7...",https://images.gr-assets.com/authors/1578415426p5/6975382.jpg,https://www.facebook.com/AuthorMicheleGMiller/,https://www.instagram.com/chelemybelles/?hl=en,https://www.youtube.com/channel/UCuUccyZAb2p5b_Qngc8uI7g,https://www.michelegmillerbooks.com/,1
2134487,Catherine  Banks,"Catherine Banks is an award-winning, USA Today Bestselling fantasy author who writes in several romance subgenres under multiple pseudonyms. She began writing fiction at only four years old and finished her first full-length novel at the age of fifteen. She is married to her soulmate and best friend, Avery, who she has two amazing children with. After her full time job, she reads books, plays video games, and watches anime shows and movies with her family to relax. Although she has lived in Northern California her entire life, she dreams of traveling around the world. Catherine is also C.E.O. of Turbo Kitten Industries™, a company with many hats including being a book publisher and store full of nerdy fun.",https://images.gr-assets.com/authors/1703867254p5/2134487.jpg,https://www.facebook.com/CatherineBanksAuthor/,https://www.instagram.com/catherine_banks_author/,https://www.youtube.com/@CatherineBanks/videos,https://catherinebanks.wixsite.com/catherinebanks,1
19053518,Eliza Raine,"Eliza Raine writes Greek mythology inspired fantasy that is fast paced, full of new worlds and creatures and sprinkled with a healthy dose of romance. She lives near Reading in England with her husband, three cats and outrageously cute puppy. She has a BA Hons in History and has a deep-rooted passion for mythology and stories about women who don't need rescuing.She can usually be found reading fairytale retellings, playing board games or binge-watching Netflix shows.You can read some of Eliza's stories for free by visiting her website at www.elizaraine.com",https://images.gr-assets.com/authors/1559568133p5/19053518.jpg,https://www.facebook.com/elizaraineauthor/,https://www.instagram.com/elizaraineauthor/,https://www.youtube.com/c/DisabledEliza/about,https://www.elizaraine.com/,1
16004152,Victoria Flynn,"Victoria Flynn is a wife, mom, author, book enthusiast, scientist, and believer in cosmic balance and magic. She loves traveling and is an unapologetic foodie. When she's not writing, she can be found with her nose buried in a good book or outside enjoying the unpredictable Michigan weather.",https://images.gr-assets.com/authors/1559526054p5/16004152.jpg,https://www.facebook.com/public/Victoria-Flynn,https://www.instagram.com/victoriahrflynn/?hl=en,https://www.youtube.com/channel/UC4bvx0zZCKYS_UNti68DwxA,https://www.njleg.state.nj.us/legislative-roster/446/assemblywoman-flynn,1
14073135,Rodney W. Hartman,"Rodney Hartman is a retired US Army veteran with over twenty years of experience in military operations ranging from Infantry Private in the paratroops to Chief Warrant Officer flying helicopters during the Persian Gulf War. Mr. Hartman worked for many years as a computer programmer before retiring and pursuing a career as a fulltime writer. Mr. Hartman lives in North Carolina with his wife and family along with their cat, McKenzie.",https://images.gr-assets.com/authors/1433865163p5/14073135.jpg,https://www.facebook.com/1524264621107532,https://www.instagram.com/rodneyhartmanfanclub/,,http://www.rodneyhartman.com/,1
6889690,Susan Illene,"Susan Illene served in the US Army for eleven years and worked as a human resources specialist and an Arabic linguist. She served two deployments to Iraq, and after leaving the army, she studied history at the University of Oklahoma. She currently lives with her husband and two sons.",https://images.gr-assets.com/authors/1358201478p5/6889690.jpg,https://www.facebook.com/permalink.php?story_fbid=1234579473353420&id=180880772056634,https://www.instagram.com/soberqueenofhearts/?hl=en,https://www.youtube.com/channel/UC1IsUWvM2Hi734-f0A64PsA,https://susanillene.com/,1
6572605,Taylor Jenkins Reid,"Taylor Jenkins Reid is the New York Times bestselling author of Carrie Soto Is Back, Malibu Rising, Daisy Jones & The Six, and The Seven Husbands of Evelyn Hugo, as well as four other novels. She lives in Los Angeles.",https://images.gr-assets.com/authors/1645653842p5/6572605.jpg,https://www.facebook.com/photo.php?fbid=721874296066097&id=100047305986535&set=a.314909400095924,https://www.instagram.com/tjenkinsreid/?hl=en,https://www.youtube.com/hashtag/taylorjenkinsreid,https://taylorjenkinsreid.com/,1
42426862,Jonathan Zobel,,https://upload.wikimedia.org/wikipedia/commons/thumb/6/65/No-Image-Placeholder.svg/1665px-No-Image-Placeholder.svg.png,https://www.facebook.com/0fficialJZ/,https://www.instagram.com/officialjz/p/C8LlVX-usRT/,https://www.youtube.com/channel/UCrk5nvyaaVljgN4hgik4FPw,https://www.co.sauk.wi.us/incidentreports?field_ir_dt_value%5Bvalue%5D=&field_ir_dt_value_1%5Bvalue%5D=&field_ir_incident_type_value=All&keys=&order=title&sort=desc&field_ir_search_value=&page=65,1
1641284,Charles Soule,"Charles Soule is a #1 New York Times-bestselling novelist, comics author, screenwriter, musician, and lapsed attorney. He has written some of the most prominent stories of the last decade for Marvel, DC and Lucasfilm in addition to his own work, such as his comics Curse Words, Letter 44 and Undiscovered Country, and his original novels Light of the Jedi, The Endless Vessel, The Oracle Year and Anyone. He lives in New York.",https://images.gr-assets.com/authors/1679508257p5/1641284.jpg,https://www.facebook.com/charles.soule.58/,https://www.instagram.com/charlesdsoule/?hl=en,https://www.youtube.com/channel/UCnwqan4TnAf3Mg6BxKy8PPA/search,https://www.charlessoule.com/,1
21567386,A.J. Moran,,https://images.gr-assets.com/authors/1624620163p5/21567386.jpg,https://www.facebook.com/aj.moran930/,https://www.instagram.com/aj_moran_author/,https://www.youtube.com/channel/UCpzhzSrMJnsHMvO4NTcGUtA,https://www.ameripriseadvisors.com/alexandra.j.moran/,1
89482,Elizabeth Rose,"Elizabeth Rose is the author of medieval, paranormal, fantasy and contemporary novels. While based on romance, her novels have complex plots, action and suspense. She loves writing bad boy tortured heroes and empowered feisty heroines.Her books have won rave reviews, and been seen on The History Channel as well as Wild Chicago. Elizabeth's books have won and been finalists in many contests. Here is a partial list:Highland Spirit - Highland Chronicles WINNER of the Raven Award.Bedeviled - Portals of Destiny, WINNER Creme de la Cover ContestBeguiled - Portals of Destiny, WINNER - Creme de la Cover ContestRONE Award finalists include:Doubting Thomas - Bad Boys of SweetwaterHighland Steel - Highland ChroniclesTristan - Pirate LordsIgniting Andr",https://images.gr-assets.com/authors/1535285442p5/89482.jpg,https://www.facebook.com/public/Elizabeth-Rose/,https://www.instagram.com/elizabethrose_/,https://www.youtube.com/@elizabethrose8487/videos,https://www.elizabeth-rose.com/?srsltid=AfmBOoqVV52FdaaFGMtAn_YGuJ0hTeLjQgA_fNyHg4eSHOS-scc3uhd9,1
18207326,Macy Blake,"Macy Blake believes in unicorns and fairies, in moonbeams and stardust, and that happily ever after comes in all colors of the rainbow. When she’s not busy at the day job, she loses herself in paranormal romance, living vicariously through her favorite sexy fictional heroes. These days you can often find her pounding away at the keyboard, trying to capture the magic of her own worlds.",https://images.gr-assets.com/authors/1562650034p5/18207326.jpg,https://www.facebook.com/MacyBlakeAuthor/,https://www.instagram.com/authormacyblake/,https://www.youtube.com/channel/UC7kPapXi6xZdinjSoxeqhRA,https://macyblake.com/,1
4684814,David J. Normoyle,"David was born in Australia, but moved to Ireland at an early age. The early globe crossing must have gone to his head, as he has since backpacked through and lived in numerous countries. He grew up on a farm as the eldest of nine unruly siblings, but since his escape, he prefers city living. His electronic engineering degree is currently gathering dust while he tries new and strange pursuits such as novel writing.",https://images.gr-assets.com/authors/1378752233p5/4684814.jpg,https://www.facebook.com/story.php/?story_fbid=2941945102483974&id=157832707561908,https://www.instagram.com/normoyledavid/,https://www.youtube.com/channel/UCkhZBsuxHYohYBotbIlezQQ/videos,https://davidjnormoyle.com/,1
4704592,Chloe Garner,,https://images.gr-assets.com/authors/1466771392p5/4704592.jpg,https://www.facebook.com/chloe.garner.79/,https://www.instagram.com/chloegarner_performance_/?hl=en,https://www.youtube.com/channel/UCtuWYfxo3TmG_orTagyGKyw,https://blenderfiction.wordpress.com/,1
5768382,Tara Brown,"Librarian Note: There is more than one author by this name in the Goodreads database.Pen names for Tara Brown- Tara Brown for science fiction and fantasy (primary author name)- Sophie Starr for darker books- Amy March for romantic comedies- A.E. Watson- T.L. Brown- Erin Leigh- Meg BrowneCaution: Author uses multiple pen names on the same book (different releases/editions). GR policy dictates that the name on the first release remain primary on all subsequent releases. The secondary name would be whatever name is on the cover, if different.",https://upload.wikimedia.org/wikipedia/commons/thumb/6/65/No-Image-Placeholder.svg/1665px-No-Image-Placeholder.svg.png,https://www.facebook.com/TaraBrownAuthor/,https://www.instagram.com/tarabrownslife/?hl=en,https://www.youtube.com/c/TaraBrownBeauty/videos,https://www.tarabrowncomedy.com/,1
16663045,Krista Street,"Krista Street loves writing about coming of age characters who fight to find their place in this world while also finding their one true mate.Krista Street is a Minnesota native but has lived throughout the U.S. and in another country or two. She loves to travel, read, and spend time in the great outdoors. When not writing, Krista is either chasing her children, spending time with her husband and friends, sipping a cup of tea, or enjoying the hidden gems of beauty that Minnesota has to offer.To connect with Krista more, you can join her newsletter at www.kristastreet.com/contactYou can also find her on:Facebook (@authorkristastreet)Instagram (@authorkristastreet)Bookbub",https://images.gr-assets.com/authors/1699534431p5/16663045.jpg,https://www.facebook.com/profile.php?id=61566998858620&sk=photos,https://www.instagram.com/authorkristastreet/reels/?next=%2Fpondsidehk%2Ffeed%2F&locale=%E8%B6%B3%E7%90%83%E6%8A%95%E6%B3%A8%E7%B3%BB%E7%BB%9F(%E5%BE%AE%E4%BF%A1mos058)0v5v,,https://www.kristastreet.com/,1
20331,Lawrence Watt-Evans,Also publishes as Nathan Archer,https://images.gr-assets.com/authors/1311122102p5/20331.jpg,https://www.facebook.com/wattevans/,https://www.instagram.com/wattevans/?locale=kk-KZ&hl=en,https://www.youtube.com/watch?v=PoVp6bHRm78,http://www.watt-evans.com/,1
878623,Ron Collins,,https://images.gr-assets.com/authors/1726499316p5/878623.jpg,,https://www.instagram.com/ron_collins/,https://www.youtube.com/channel/UCJ_7IxHZQZYhEUerV92uuCA,https://www.facebook.com/ron.collins.733450/,1
16025441,L. Danvers,"L. Danvers is the author of YA paranormal romance, among other fantasy subgenres. Her books are romantic, fast-paced, action-packed and are suitable for both teens and adults.Follow Me On Amazon:https://amzn.to/2MAEMHPLike My Facebook Page:https://bit.ly/2A7abPhGet Your Free Book:https://bit.ly/374YBAeJoin My Facebook Readers' Group: https://bit.ly/2A8z5y1",https://images.gr-assets.com/authors/1591384474p5/16025441.jpg,https://www.facebook.com/wearedanvers/,https://www.instagram.com/l_danvers/,https://www.youtube.com/c/DanversCommunityAccessTelevision,https://www.danversma.gov/,1
4712106,C.R. Daems,"I was born and raised in Chicago, Illinois, and joined the military right out of high school. I served twenty-two years in the United States Air Force as a certified internal auditor. While in the military service, I lived in seven states and two foreign countries, and obtained two degrees: a BS in mathematics and an MS in computer science. After I retired from the Air Force, I secured a position with Digital Equipment Corporation, located in Bedford, Massachusetts, as a software course developer and instructor. I worked twenty-two years at DEC and held positions as a course developer, course development manager, software engineer, and software engineering manager. Today, I’m retired and live in Tucson, Arizona, with my wife of fifty-three",https://upload.wikimedia.org/wikipedia/commons/thumb/6/65/No-Image-Placeholder.svg/1665px-No-Image-Placeholder.svg.png,https://www.facebook.com/groups/603159950396894/,https://www.instagram.com/houseoflux_be/p/CLCRMMjB8E1/,https://www.youtube.com/hashtag/crdaems,https://www.goodreads.com/author/show/4712106.C_R_Daems,1
17149660,Chloe Benjamin,"Librarian Note: There is more than one author in the Goodreads database with this name. For the author of The Anatomy of Dreams and The Immortalists, see Chloe Benjamin.",https://upload.wikimedia.org/wikipedia/commons/thumb/6/65/No-Image-Placeholder.svg/1665px-No-Image-Placeholder.svg.png,https://www.facebook.com/chloe.benjamin.988/,https://www.instagram.com/chloekbenjamin/?hl=en,https://www.youtube.com/channel/UCCkzpBCa696NegIk-4-02Gg,https://www.chloebenjaminbooks.com/,1
2892163,Sean Black,"I write the Ryan Lock series of thrillers, which feature ex-military bodyguard Ryan Lock and his partner, former Marine, Ty Johnson. The first two books in the series, Lockdown and Deadlock, hit the Official UK Top 50 Bestseller Chart, and the third, Gridlock, has just been released in hardback. They have have also been translated into Dutch, German, and Russian.I'm a firm believer in hands-on research, also known as 'any excuse to get out of the house', so before I wrote Lockdown, I trained for a month with former members of the Royal Military Police's specialist close protection unit. That turned out to be great preparation for Deadlock, which I researched by spending time inside Pelican Bay Supermax in California (see the TV interview on",https://images.gr-assets.com/authors/1452971802p5/2892163.jpg,https://www.facebook.com/public/Sean-Black/,https://www.instagram.com/seanblack.seanblack/?hl=en,https://www.youtube.com/channel/UCtzJdE7VeQZj2njPJ0FNRCg,https://www.seanblack.uk/,1
17235359,Kristen Banet,"Kristen Banet has a Diet Coke problem and smokes too much. She curses like a sailor (though, she used to be one, so she uses that as an excuse) and finds that many people don’t know how to handle that. She loves to read, and before finally sitting to try her hand at writing, she had your normal kind of work history. From tattoo parlors, to the U.S. Navy, and freelance illustration, she’s stumbled through her adult years and somehow, is still kicking.She loves to read books that make people cry. She likes to write books that make people cry (and she wants to hear about it). She’s a firm believer that nothing and no one in this world is perfect, and she enjoys exploring those imperfections—trying to make the characters seem real on the page a",https://images.gr-assets.com/authors/1518632360p5/17235359.jpg,https://www.facebook.com/groups/banetreaders/about/,https://www.instagram.com/kristin.banet/reels/?locale=en_US,,https://knbanet.com/,1
6060770,J.D.  Nelson,"JD Nelson is a Bestselling Author of Fantasy Romance and Adult Paranormal Romance. An avid time-waster, JD enjoys watching TV and listening to audiobooks when she really should be writing. JD loves to hear from her readers. You can contact her through her website, AuthorJDNelson.com, or on Facebook, where she spends an alarming amount of time chatting with her many Author and reader friends, much to the dismay of her continually neglected manuscripts.JD Nelson's Facebook Fan Page - www.facebook.com/JDNelsonsNightAberra...JD Nelson's Fan Club - http://www.facebook.com/groups/269730...",https://images.gr-assets.com/authors/1532829324p5/6060770.jpg,https://www.facebook.com/public/Jd-Nelson,https://www.instagram.com/madverse/?hl=en,https://www.youtube.com/channel/UCsVMvbFGRF_0lF2PHSh8uOA,https://www.authorjdnelson.com/,1
13760940,Michelle Morgan,"Michelle Morgan is the author of The Ice Cream Blonde, The Mammoth Book of Hollywood Scandals, Marilyn's Addresses, and Marilyn Monroe: Private and Undisclosed. She has been interviewed on dozens of radio stations and featured on many television programs, including the BBC National News.",https://images.gr-assets.com/authors/1450128667p5/13760940.jpg,https://www.facebook.com/public/Michelle-Morgan/,https://www.instagram.com/michellemorgan_/?hl=en,https://www.youtube.com/channel/UC45wWzEeHMC8F-yLeJ6HyGg/videos,https://www.instagram.com/michellemorgan_/?hl=en,1
22208951,January Rayne,"January Rayne is a pseudonym I decided to use because it sounds better than my given name. I’m a lover of all romance and write in the genres I love most because why limit myself? I want to write anything and everything, from badass men and women to characters who want to rip each other’s clothes off. I plan to ‘take it all’ like the good little girl I am.",https://images.gr-assets.com/authors/1645158958p5/22208951.jpg,https://www.facebook.com/AuthorJanuaryRayne/albums/178079441449093/,https://www.instagram.com/author_01rayne/,https://www.youtube.com/channel/UCFcKkyED3VFI-IkbRUuvbGQ,https://januaryrayneromance.com/,1
6519859,Brenda K. Davies,"Brenda K. Davies is the USA Today Bestselling author of the Vampire Awakening Series, Alliance Series, Road to Hell Series, Hell on Earth Series, and historical romantic fiction. She also writes under the pen name, Erica Stevens. When not out with friends and family, she can be found at home with her husband, son, dogs, cat, and horse.",https://images.gr-assets.com/authors/1558823576p5/6519859.jpg,https://www.facebook.com/2567895026569775,https://www.instagram.com/brendakdaviesauthor/p/DC7ESRHu9vs/,https://www.youtube.com/user/bananasareyummy22,https://www.instagram.com/brendakdaviesauthor/p/DAi3OjZs_ZT/,1
6896897,D.W. Jackson,"D.W. Jackson was born in McAlester Oklahoma, Attended College at Oklahoma City University, and Northeastern State University. As soon as he graduated high school in 2001 he joined the Oklahoma National Guard. In 2003 he was Sent along with five others from his unit to Iraq where he spent slightly over a year in deployment. After returning home he worked as a pipeline surveyor traveling all across the U.S. in 2009 he took a job as a correctional officer for the state of Oklahoma where he worked at both a medium and minimal security level prison. In 2012 his heath declined and was unable to continue working. With time on his hands and out of books to read he decided to pursue his dream of being a writer.",https://images.gr-assets.com/authors/1442658196p5/6896897.jpg,https://www.facebook.com/jackson.bevier/,https://www.instagram.com/mvp_fee/?hl=en,https://www.youtube.com/channel/UCIGs8Tgdb-_oq1b8YxACFwQ/videos,https://www.jacksondwxst.com/,1
5254679,Kira Saito,Kira is a magic junkie and loves writing paranormal romances with twists and soul.Follow me on Book Bub!https://www.bookbub.com/settings/profile,https://upload.wikimedia.org/wikipedia/commons/thumb/6/65/No-Image-Placeholder.svg/1665px-No-Image-Placeholder.svg.png,https://www.facebook.com/authorkirasaito/posts/cecile-was-addicted-to-pralines-these-tasty-treats-were-brought-over-from-france/672074152855966/,https://www.instagram.com/kira.saito/,https://www.youtube.com/channel/UCT4AiA5u8h1SZhkFqnneyaA/videos,http://kirasaito.blogspot.com/,1
9013543,Ruth Ware,"Ruth Ware grew up in Sussex, on the south coast of England. After graduating from Manchester University she moved to Paris, before settling in North London. She has worked as a waitress, a bookseller, a teacher of English as a foreign language and a press officer. She is married with two small children, and In a Dark, Dark Wood is her début thriller.Find her on twitter at www.twitter.com/ruthwarewriter, on facebook at www.facebook.com/ruthwarewriter or via her website - www.ruthware.com",https://images.gr-assets.com/authors/1562697198p5/9013543.jpg,https://www.facebook.com/ruthwarewriter/,https://www.instagram.com/ruthwarewriter/?hl=en,https://www.youtube.com/channel/UCGB9NHDAnSt2VLyiT6Bxobg,https://ruthware.com/,1
10706586,Dan  Davis,"I write action-packed sci-fi and historical fantasy. I want to immerse readers in another time and place and for my stories to be gripping adventures. You should love my complex heroes and hate the twisted bad guys.If you like the sound of that then check out; GODS OF BRONZE (my new historical fantasy series), THE IMMORTAL KNIGHT CHRONICLES (bestselling historical fantasy) and the GALACTIC ARENA series (smart military scifi). Thanks for taking an interest in my stories. Follow me here on Goodreads to keep up to date with releases. You can get the Bronze Age fantasy novella THE WOLF GOD (itâ€™s the GODS OF BRONZE prequel) now for FREE via my website: dandavisauthor.comAnd why not come and say hello at my Facebook page: facebook.com/dandavisaut",https://images.gr-assets.com/authors/1606950073p5/10706586.jpg,https://www.facebook.com/public/Dan-Davis/,https://www.instagram.com/dandavisauthor/,https://www.youtube.com/c/DanDavisAuthorChannel/videos,https://dandavisauthor.com/,1
7228595,Sierra Darcey,No Description available,https://upload.wikimedia.org/wikipedia/commons/thumb/6/65/No-Image-Placeholder.svg/1665px-No-Image-Placeholder.svg.png,https://www.facebook.com/sierra.darcey/,https://www.instagram.com/mamasierra76/,https://www.youtube.com/channel/UCM7wEqkuY4Wr3eUX8xfJoRw,https://www.instagram.com/staceysilvatv/?hl=en,1
7752331,J.A. Armitage,"Born in Leeds, I lived a very normal life until I got bored one day and decided to travel the world. Since then I've worked on a Banana Plantation, cleaned ACDC's dressing room and been a professional clown.I climbed to the bottom of the Grand Canyon and the top of Kilimanjaro. Nowadays you'll find me being a climbing frame for my two young children, working in a school, and renovating my home.Did I also mention I wrote some books?I hope you enjoy them!For my free books, just sign up to my newsletter here http://www.subscribepage.com/v7o8k4",https://images.gr-assets.com/authors/1505484641p5/7752331.jpg,https://www.facebook.com/jarmitagetheauthor/,https://www.instagram.com/jarmitagetheauthor/p/DDJxNPWta_5/,https://www.youtube.com/@FunhausArchive,https://jaarmitage.com/?srsltid=AfmBOoogJMfAOQC16SBZG9LaOruE3Bjs4G-EGiXSfIP2rcIoH1i5EnoZ,1
3116816,Angela Roquet,"USA Today bestselling fantasy author Angela Roquet is a great big weirdo. She lives in Missouri with her husband and son in a house stuffed with books, toys, skulls, owls, and glitter-speckled craft supplies. Angela a member of the Science Fiction and Fantasy Writers Association, as well as the Four Horsemen of the Bookocalypse, her epic book critique group, where she's known as Death. When not swearing at the keyboard, she enjoys boating with her family at Lake of the Ozarks and reading books that raise eyebrows.Find Angela on Facebook, Instagram, or her website: www.angelaroquet.comGRAVEYARD SHIFT, the first novel in Angela's Lana Harvey, Reapers Inc. series, and BLOOD VICE, book one in the Blood Vice series, are now available for FREE on",https://images.gr-assets.com/authors/1348342163p5/3116816.jpg,https://www.facebook.com/3733316443378163,https://www.instagram.com/angelaroquet/?hl=en,https://www.youtube.com/watch?v=PzcBt8n0yr4,https://www.angelaroquet.com/,1
7511231,Stephen Allan,"From the time that he zoned out of elementary school to dream about visiting planets beyond our galaxy, Stephen has always fantasized about great worlds, fantastic journeys and incredible stories. After going through some real life journeys in his adolescence and young adulthood, Stephen has returned to the fantasy and sci-fi realm and turned those creative thoughts into real words through his science fantasy and epic fantasy stories.A graduate of Duke in 2010, Stephen moved to Las Vegas that summer to become a professional poker player, a journey that would eventually lead him to create ""The Wild Card,"" a real-life-turned-fiction novel. He then lived in a series of places, residing in Charlotte, Vegas again, Los Angeles and Montana, all ac",https://images.gr-assets.com/authors/1386550351p5/7511231.jpg,https://www.facebook.com/StephenAllanAuthor/photos/,https://www.instagram.com/outlaweduk/,https://www.youtube.com/channel/UC0-sSxdGaqLI659jGmXtEpw,https://stevenalan.com/?srsltid=AfmBOoprkQ4tEwprw2ZB3_MLR-4euhTgGIN4CjNu_j1ener55eZd1yLh,1
7982115,Chris Lowry,,https://images.gr-assets.com/authors/1454251458p5/7982115.jpg,https://www.facebook.com/public/Chris-Lowry/,https://www.instagram.com/chrislowrymusic/?hl=en,https://www.youtube.com/channel/UCcS5H59TZu7WzXCpveua7Xw,https://allaboutchris.org/,1
5399219,Amber Lynn Natusch,"AMBER LYNN NATUSCH is the author of the bestselling Caged series for adults. She was born and raised in Winnipeg, and is still deeply attached to her Canadian roots. She loves to dance and practice Muay Thai‚Äïbut spends most of her time running a chiropractic practice with her husband, raising two young children, and attempting to write when she can lock herself in the bathroom for ten minutes of peace. Dare You to Lie is her debut YA novel with Tor Teen.",https://images.gr-assets.com/authors/1531142330p5/5399219.jpg,https://www.facebook.com/permalink.php?id=256419347746793&story_fbid=3581019475286747,,https://www.youtube.com/channel/UCNYJg3J5EdichJb2nsfVlvg,https://amberlynnnatusch.com/,1
2980644,Jourdyn Kelly,"I’ve been in Houston, Texas, writing novels and designing websites since 2009. Moving here was one of the best decisions I’ve ever made, because I’ve been able to live wonderfully, and write my heart out. I’ve always enjoyed the arts in one form or another. Music sets the mood, reading stimulates my brain, and writing allows me to utilize my imagination in any way I want. I’ve been writing stories since I was a teen, and figured out it was my passion when I finished my first novel, Something About Eve.I love being captivated by books that lead me into different, exotic places, and through impossible scenarios. I love being able to become someone else for a time. Reading has always inspired me to bring my own characters out to play. My hope",https://images.gr-assets.com/authors/1453406208p5/2980644.jpg,https://www.facebook.com/AuthorJourdynKelly/,https://www.instagram.com/jourdynk/?hl=en,https://www.youtube.com/channel/UCjQpxZD4hBE_75DHyBEO1Dw,https://www.jourdynkelly.com/,1
6464760,William Codpiece Thwackery,William Codpiece Thwackery is a psueudonym.,https://upload.wikimedia.org/wikipedia/commons/thumb/6/65/No-Image-Placeholder.svg/1665px-No-Image-Placeholder.svg.png,https://www.facebook.com/tudortailor/posts/very-happy-to-be-taking-the-codpiece-selection-board-on-another-outing-for-this-/2739053382839237/,https://www.instagram.com/the_legendary_fartmaster/,,https://www.simonandschuster.com/authors/William-Codpiece-Thwackery/409570422,1
3300832,Trent Zelazny,"Trent Zelazny is the award-winning author of To Sleep Gently, Fractal Despondency, Butterfly Potion, Too Late To Call Texas, People Person, and Voiceless, as well as several other books and roughly 50 short stories. He is also an international playwright, and editor.Son of late science fiction author Roger Zelazny, he was born in Santa Fe, New Mexico. He has lived in California, Oregon, and Florida. He lives back in Santa Fe.",https://images.gr-assets.com/authors/1355813457p5/3300832.jpg,https://www.facebook.com/story.php/?story_fbid=1089067731113408&id=230424473644409,https://www.instagram.com/trent_zelazny/?hl=en,https://www.youtube.com/channel/UC-1_yw0NTMuhNp-78EmTu4Q/videos,https://trentzelazny.wixsite.com/authorpage,1
15153429,Stephaine Hudson,,https://upload.wikimedia.org/wikipedia/commons/thumb/6/65/No-Image-Placeholder.svg/1665px-No-Image-Placeholder.svg.png,https://www.facebook.com/AuthorStephanieHudson/,https://www.instagram.com/authorstephaniehudson/,https://www.youtube.com/channel/UCSR6E-lGVQLH_p_aV_1eL4w,https://www.authorstephaniehudson.com/,1
2162357,Misty Evans,"USA TODAY Bestselling Author Misty Evans has published over fifty novels and writes romantic suspense, urban fantasy, and paranormal romance. The books in her Super Agent series have won a CataNetwork Reviewers’ Choice Award, CAPA nominations, the New England Reader’s Choice Bean Pot Award for Best Romantic Suspense in 2010 and the ACRA Heart of Excellence Reader’s Choice Award for Best Romantic Suspense in 2011. OPERATION SHEBA has been a military romance, action-adventure, and romantic suspense bestseller on Amazon.Her Witches Anonymous series was dubbed a Fallen Angel Reviews Recommended Read. The Super Agent Series, Witches Anonymous Series, and the Kali Sweet Series have been on multiple Amazon Kindle bestsellers lists. Her culinary ro",https://images.gr-assets.com/authors/1424276696p5/2162357.jpg,https://www.facebook.com/public/Misty-Evans,https://www.instagram.com/mystikrayne/?hl=en,https://www.youtube.com/channel/UCZPCwAKnAtn9AqRPYKSvFaQ,https://mistyevansbooks.com/,1
15151,Zora Neale Hurston,"Novels, including 
Their Eyes Were Watching God
 (1937), and nonfiction writings of American folklorist Zora Neale Hurston give detailed accounts of African American life in the South.In 1925, Hurston, one of the leaders of the literary renaissance, happening in Harlem, produced the short-lived literary magazine Fire!! alongside Langston Hughes and Wallace Thurman shortly before she entered Barnard College. This literary movement developed into the Harlem renaissance.Hurston applied her Barnard ethnographic training to document African American folklore in her critically acclaimed book 
Mules and Men
 alongside fiction 
Their Eyes Were Watching God
. She also assembled a folk-based performance dance group that recreated her Southern t",https://images.gr-assets.com/authors/1194472605p5/15151.jpg,https://www.facebook.com/photo.php?fbid=10157258866955923&id=26806660922&set=a.80798970922,https://www.instagram.com/zoranealehurston/?hl=en,https://www.youtube.com/channel/UCwaLHNQ0bKgGZyF_Imr2x9Q/videos,https://www.zoranealehurston.com/,1
23613,Emma Donoghue,"Grew up in Ireland, 20s in England doing a PhD in eighteenth-century literature, since then in Canada. Best known for my novel, film and play ROOM, also other contemporary and historical novels and short stories, non-fiction, theatre and middle-grade novels.",https://images.gr-assets.com/authors/1591714728p5/23613.jpg,https://www.facebook.com/EmmaDonoghueWriter/posts/519568566657661/,https://www.instagram.com/e_donoghue/,https://www.youtube.com/hashtag/emmadonoghue,https://www.emmadonoghue.com/,1
479002,Anthony Tucker-Jones,"Defence analyst Anthony Tucker-Jones spent nearly 20 years in the British Intelligence Community before establishing himself as a defence writer and historian: commenting on regional conflicts, counter-terrorism, intelligence and military affairs.He is a highly experienced expert with particular strengths in editing, feature writing, report writing, communicating to specialists and non-specialists alike.Anthony Tucker-Jones has been extensively published in numerous titles and on various news websites. He has also written a number of books.He is widely travelled with assignments in Africa, Europe, the Far East, Latin America and the Middle East. He lived for a time in Bahrain. Anthony holds an MA in International Relations & Strategic Studi",https://upload.wikimedia.org/wikipedia/commons/thumb/6/65/No-Image-Placeholder.svg/1665px-No-Image-Placeholder.svg.png,https://www.facebook.com/p/Anthony-Tucker-Jones-100083023341724/?locale=cs_CZ,https://www.instagram.com/ospreypublishing/p/DA9EWFhpRNW/,https://www.youtube.com/watch?v=DNAtRceXWWI,https://atuckerjones.com/services.html,1
14755716,Jennifer Rose McMahon,"Jennifer Rose McMahon is a USA Today Bestselling Author who has been creating her Pirate Queen series and Irish Mystic Legends series since her college days abroad in Ireland. Her passion for Irish legends, ancient cemeteries, and medieval ghost stories has fueled her adventurous story telling, while her husband‚Äôs decadent brogue carries her imagination through the centuries. When she‚Äôs not in her own world writing about castles and curses, she can be found near Boston in the local coffee shop, yoga studio, or at the beach‚Ä¶most often answering to the name ‚ÄòMom‚Äô by her fab children four.PUBLISHERS WEEKLY Starred Review for BOHERMORE:""Excellent debut. Teen and adult readers alike will be clamoring for the sequel.""",https://images.gr-assets.com/authors/1449834310p5/14755716.jpg,https://www.facebook.com/JenniferMcMahonBooks/?locale=zh_CN,https://www.instagram.com/jenniferrosemcmahon/reels/?locale=en_US%2Cen_GB%2Cen_US%2Cen_GB%2Cen_US%2Cen_GB%2Cen_US%2Cen_GB&hl=en,https://www.youtube.com/channel/UCN711UCoDmTJNznF_cP3n-w,https://www.jenniferrosemcmahon.com/,1
4706161,Robert Joseph Greene,"Robert Joseph Greene is a Canadian author of gay romance fiction, best known for The Gay Icon Classics of the World, a collection of gay-themed love stories from over 12 different countries. Each story represents a culture and a people. The book was listed by PFLAG Canada as a recommended book in their ""Books Worth Reading"" section.One of the short stories in the Gay Icon Classics collection is ""Halo's Golden Circle"", a tragic love story set in ancient Judea. Author and Jewish scholar Steven Greenberg remarked that it was a ""beautiful story"".Following the release of The Gay Icon Classics of the World II in 2012, a group of Russian students translated ""The Blue Door"", a story from the collection about a young Russian prince who comes out as",https://images.gr-assets.com/authors/1333500026p5/4706161.jpg,https://www.facebook.com/robertjosephgreene/,https://www.instagram.com/robertjosephgreene/?hl=en,https://www.youtube.com/@RobertGreeneOfficial,https://powerseductionandwar.com/,1
1272264,Storm Savage,,https://upload.wikimedia.org/wikipedia/commons/thumb/6/65/No-Image-Placeholder.svg/1665px-No-Image-Placeholder.svg.png,https://www.facebook.com/MachoManStormySavage/,https://www.instagram.com/stormandsavage/,https://www.youtube.com/channel/UCKL6naeyNvY-3Vp6vRigLgg,https://savagearms.com/firearms/sku/57052,1
2446369,Joely Sue Burkhart,I write books. Sometimes I even finish them!,https://images.gr-assets.com/authors/1466650871p5/2446369.jpg,https://www.facebook.com/joelysueburkhart/?locale=es_ES,https://www.instagram.com/joelysueburkhart/,,https://joelysueburkhart.com/,1
16258776,Ann  Denton,,https://images.gr-assets.com/authors/1483631207p5/16258776.jpg,https://www.facebook.com/public/Ann-Denton/,https://www.instagram.com/anndentonauthor/reels/?locale=en_US%2Cen_GB%2Cen_GB&hl=am-et,https://www.youtube.com/channel/UCr2bJo7lky08yL085vV6szQ,https://anndenton.com/books/,1
17542256,Jasmin Quinn,"Jasmin Quinn is a writer in her heart and soul, and loves to read and write stories with strong male and female characters. She writes intense and sexy romance with a hint of suspense, a splash of intrigue and a whole lot of Alpha male. She'll read almost any genre of fiction but is drawn mostly to romance. When Jasmin isn't writing, she's a beta reader and editor for her author-buddies. She also likes to fuss with her website, lunch with her friends, indulge in retail therapy, and play the occasional computer game. She stays in shape by exercising her rights to her opinion. She lives in British Columbia, Canada with her husband.Sign up for Jasmin's news letters to receive a bonus story! https://mailchi.mp/0e3b7fbc169f/jasmi...",https://images.gr-assets.com/authors/1538848083p5/17542256.jpg,https://www.facebook.com/public/Jasmin-Quinn,https://www.instagram.com/jasminequinn_/?hl=en,https://www.youtube.com/channel/UCBzfkRyiiN3rNu-oL15mpzQ,,1
49381,Kat Martin,"Kathleen Kelly Martin (aka Kathy Lawrence, Kasey Mars)Kathleen Kelly was born on 14 July 1947 in the Central Valley of California, USA. She obtained a degree in Anthropology and also studied History at the University of California in Santa Barbara. She was a real estate broker, when she met her future husband, Larry Jay Martin. A short time after the two became acquainted, Larry asked her to read an unpublished manuscript of an historical western he'd written. Kat fell in love with both the book and the author! Then, after doing some editing for him, she thought she'd try her own hand at writing. She moved on to become a full time writer.Published since 1988, she signed her books with her married name, Kat Martin, but she also used two pseu",https://images.gr-assets.com/authors/1210104446p5/49381.jpg,https://www.facebook.com/katie.martin.315865/,https://www.instagram.com/katmartinauthor/?hl=en,https://www.youtube.com/channel/UCGbr--5HqwiLMxxC2d3bs2w,https://www.katmartin.com/,1
9826326,Jen Rasmussen,,https://upload.wikimedia.org/wikipedia/commons/thumb/6/65/No-Image-Placeholder.svg/1665px-No-Image-Placeholder.svg.png,https://www.facebook.com/public/Jen-Rasmussen,https://www.instagram.com/jenrasmussenlair/,https://www.youtube.com/c/JensRasmussen,https://www.jenniferrasmusson.com/,1
8206479,Jenn Stark,"Most recent release:   Working on: The Lost Queen, Dec. 2018Jenn Stark is a Golden Heart award-winning author of paranormal romance and urban fantasy. She lives and writes in Ohio. . . and she definitely loves to write. :) In addition to her urban fantasy Immortal Vegas and Wilde Justice series and her paranormal romance Demon Enforcers series, she is also author Jennifer McGowan, whose Maids of Honor series of Young Adult Elizabethan spy romances are published by Simon & Schuster, and author Jennifer Chance, whose Rule Breakers series of New Adult contemporary romances are published by Random House/LoveSwept and whose modern royals series, Gowns & Crowns, is now available. This author also goes by Jennifer McGowan. See that Goodreads autho",https://images.gr-assets.com/authors/1438814483p5/8206479.jpg,https://www.facebook.com/public/Jennifer-Stark,https://www.instagram.com/jenstark/?hl=en,https://www.youtube.com/channel/UC2oQI1UX2uPISXD3agwGcSw/videos,https://jennstark.com/,1
3213,Laurie Paige,"Laurie Paige grew up on a farm in Kentucky, four miles from the Tennessee border, with four older brothers and two older sisters.Before she started school her family moved to town. That is when she discovered the library. She met her husband, Bob, in the Sweet Shop. She has a degree in mathematics and works as a computer engineer. Laurie loves to hear from readers so email her: LauriePaige@AOL.com.",https://images.gr-assets.com/authors/1507251452p5/3213.jpg,https://www.facebook.com/laurie.paige.5/,https://www.instagram.com/laurie.paige/?hl=en,https://www.youtube.com/channel/UCiIA_cUDEogPsqf_SCSv3VA/videos,https://www.instagram.com/laurie.paige/?hl=en,1
16222618,Natalie Grey,"Natalie Grey grew up in rural New England, surrounded by a lot of vegetables and relatively little excitement. Therefore, she was obliged to make up excitement by pretending to be a knight, mage, jet-setting international assassin, jedi, or (occasionally) a shape-shifting dragon. She read everything she could get her hands on, from Lord of the Rings to Modesty Blaise, and eventually started writing her own stories full of what-ifs and snarky put-downs. Now she lives with her two German Shepherd mixes in the frozen wilds of Minnesota, and does a lot of inventive swearing while she shovels.",https://images.gr-assets.com/authors/1643552194p5/16222618.jpg,https://www.facebook.com/nataliegreyauthor/,https://www.instagram.com/natgraymusic/?hl=en,https://www.youtube.com/channel/UC1IQLvk4Q1BdLUjF3GkoFOA,,1
6150530,K.A. Merikan,"(Goodreads profile run by Kat)K. A. Merikan is a duo of queer writers who don‚Äôt believe in following the well-trodden path. In their books you can dip your toe into dangerous romance with mafiosi, outlaw bikers and bad boys, all from the safety of your sofa. They love the weird and wonderful, stepping out of the box, and bending stereotypes both in life and in fiction. Their stories don‚Äôt shy away from exploring the darker side of M/M romance, and feature a variety of anti-heroes, rebels, misfits, and underdogs who go against the grain.Be prepared for shocking twists, dark humor, raw emotions, and sizzling hot scenes.K.A. Merikan also writes steamy M/M romcoms as Devon Doe.e-mail: kamerikan@gmail.comMore information about ongoing projects,",https://images.gr-assets.com/authors/1612713027p5/6150530.jpg,https://www.facebook.com/KAMerikan/?locale=fi_FI,https://www.instagram.com/ka_merikan/,https://www.youtube.com/channel/UC4SpP19GKh7hwSx4QOE7yZw/videos,https://www.kamerikan.com/,1
97228,Hannah Howell,"Hannah Dustin Howell is a best-selling American author of over 40 historical romance novels. Many of her novels are set in medieval Scotland. She also writes under the names Sarah Dustin, Sandra Dustin, and Anna Jennet (see below).She has also used the following pseudonyms:Anna Jennet, Sarah Dustin and Sandra Dustin",https://images.gr-assets.com/authors/1338951372p5/97228.jpg,https://www.facebook.com/public/Hannah-Howell/,https://www.instagram.com/hannahtayh/?hl=en,https://www.youtube.com/channel/UCCfGxq579TiyvwOdtfuTyLw,https://www.facebook.com/AuthorHannahHowell/,1
102987,Rhyannon Byrd,"Rhyannon Byrd is the national bestselling author of more than forty contemporary and paranormal romance titles, including the romantic thrillers LONDON AFFAIR and NEW YORK SCANDAL, and her books have been translated into ten languages. After years of enjoying the California sunshine, Rhyannon now lives in the beautiful Malvern Hills in England with her family and their ever-growing collection of concert T-shirts and coffee mugs.",https://images.gr-assets.com/authors/1693738214p5/102987.jpg,https://www.facebook.com/rhyannon.byrd.3/,https://www.instagram.com/RhyannonByrd/,https://www.youtube.com/watch?v=YXXbX0BZnWo,https://www.rhyannonbyrd.com/books,1
19553489,Ronnie Whitlock,No Author Description,https://upload.wikimedia.org/wikipedia/commons/thumb/6/65/No-Image-Placeholder.svg/1665px-No-Image-Placeholder.svg.png,https://www.facebook.com/ronnie.whitlock.3/,https://www.instagram.com/pharaohzhoundz/,https://www.youtube.com/channel/UCqubJzhRAbS3LYm4aHZUtTQ,https://www.linkedin.com/in/ronnie-whitlock-83aa7b74,1
3093275,Angela Dawe,"Angela Dawe is an actor and improviser working with the Annoyance Theater and Second City in Chicago. Originally from Lansing, Michigan, Angela's career has encompassed stage, television, and film work, in addition to award-winning audiobook narrations, which include young adult, suspense, romance, and historical fiction titles.",https://images.gr-assets.com/authors/1391724456p5/3093275.jpg,https://www.facebook.com/angela.dawe.37/,https://www.instagram.com/ellecosimano/p/C2yYGhQsFiy/,https://www.youtube.com/watch?v=tNjb-fmFnOM,/search?num=12,1
38981,James D. Macdonald,"James D. Macdonald was born in White Plains, New York in 1954, and raised in Bedford, New York, the son of a chemical engineer and an artist. His last significant formal education took place at Archbishop Stepinac High School in White Plains, though he passed through the University of Rochester where he learned that a degree in Medieval Studies wouldn't fit him for anything. He went off to sea ""to forget,"" though he's forgotten exactly what. As an enlisted Boatswain's Mate in the Navy, and later as an officer, he saw the world, and discovered that three quarters of it was water. Some time later, tired of the adventure, he decided to get a job.As Yog Sysop Macdonald ran the Science Fiction and Fantasy RoundTable on GEnie for two years ('91 t",https://images.gr-assets.com/authors/1346188337p5/38981.jpg,https://www.facebook.com/DrJamesMacDonald/,https://www.instagram.com/james.d.mcdonald/,https://www.youtube.com/@pastorjamesmacdonald,http://www.jamesdmacdonald.org/,1
7383057,Jessica Gilmore,"After several very happy years as a bookseller, Jessica Gilmore moved into the charity sector and now works in the Arts, living out her Noel Streatfeild dreams by walking through the Stage Door every morning. Married with one daughter, two dogs and two dog-loathing cats, she lives in the beautiful Chilterns where she can usually be found with her nose in a book. A lover of a happy-ever-after, Jessica loves to write emotional romance with a hint of humour and a splash of sunshine.",https://images.gr-assets.com/authors/1683576422p5/7383057.jpg,https://www.facebook.com/jessicagilmorewriter/,https://www.instagram.com/jessicagilmore_/?hl=en,https://www.youtube.com/channel/UCOcN7lkPFljrlf-ZeyPvEhw,https://www.jessgilmore.com/,1
6984492,Nicolette Andrews,"Nicolette Andrews is a born and raised San Diegan with a passion for fantasy, especially if it has a romance and some mystery and intrigue mixed it doesn't go amiss either. Apart from writing, she enjoys spending time with her husband and two daughters, preferably somewhere outside enjoying the San Diego sunshine.",https://images.gr-assets.com/authors/1410586625p5/6984492.jpg,https://www.facebook.com/nicandfantasy/,https://www.instagram.com/nicolette_andrews/?hl=en,https://www.youtube.com/channel/UCweEgNnHKm65q7SY22fZ1UA,https://nicoletteandrews.com/,1
19420282,Bryan Arneson,No Author Description,https://upload.wikimedia.org/wikipedia/commons/thumb/6/65/No-Image-Placeholder.svg/1665px-No-Image-Placeholder.svg.png,https://www.facebook.com/bryan.arneson/,https://www.instagram.com/bryan_ameson/?hl=en,https://www.youtube.com/channel/UC__ackViVUkqJwBprspjJ0A,/search?num=12,1
40461231,M. S. Parker,No Author Description,https://upload.wikimedia.org/wikipedia/commons/thumb/6/65/No-Image-Placeholder.svg/1665px-No-Image-Placeholder.svg.png,https://www.facebook.com/public/Ms-Parker,https://www.instagram.com/hollywood_parker/,https://www.youtube.com/@MsParkerSmith,https://msparker.com/,1
55077111,Peter Bech,No Author Description,https://upload.wikimedia.org/wikipedia/commons/thumb/6/65/No-Image-Placeholder.svg/1665px-No-Image-Placeholder.svg.png,https://www.facebook.com/bech.peter/,https://www.instagram.com/bechpeter/,https://www.youtube.com/channel/UCxi-YWWVEi2WBuQ0sWIPCVA,/search?num=12,1
3391806,Richard  Thomas,"Nationally recognized for his portrayal of John ""John-Boy"" Walton, Jr., in the 1970s TV series The Waltons. Thomas was born Richard Earl Thomas in New York, the son of Barbara (née Fallis) and Richard S. Thomas.[1] in 1951(according to imdb.com). His parents were dancers with the New York City Ballet and owned the New York School of Ballet. He attended The Allen Stevenson School and The McBurney School in Manhattan. Thomas was seven when he made his Broadway debut in Sunrise at Campobello (1958) playing John Roosevelt, son of future U.S. President Franklin Delano Roosevelt.",https://upload.wikimedia.org/wikipedia/commons/thumb/6/65/No-Image-Placeholder.svg/1665px-No-Image-Placeholder.svg.png,https://www.facebook.com/public/Richard-Thomas/,https://www.instagram.com/richardthomaspt/?hl=en,https://www.youtube.com/user/RichardThomasSounds,https://whatdoesnotkillme.com/,1
2995869,Amanda Ronconi,No Author Description,https://images.gr-assets.com/authors/1444184947p5/2995869.jpg,https://www.facebook.com/amandadronconi/,https://www.instagram.com/amanda_ronconi/,https://www.youtube.com/watch?v=vN9NNnpUfZE,https://amandaronconi.com/,1
